storage_capex_eur_per_kwh,reconversion_capex_eur_per_kw,annualized_cost_meur,breakeven_reliability_value_eur_per_mwh
1.0,250.0,408.8804166777781,2559.9015634270127
1.0,300.0,473.6792193111115,2965.591220850715
1.0,350.0,538.4780219444449,3371.280878274418
1.0,400.0,603.2768245777783,3776.9705356981203
1.0,450.0,668.0756272111115,4182.660193121822
1.0,500.0,732.874429844445,4588.349850545525
1.0,550.0,797.6732324777784,4994.039507969227
1.0,600.0,862.4720351111117,5399.729165392931
1.0,650.0,927.2708377444451,5805.418822816632
1.0,700.0,992.0696403777786,6211.108480240336
1.0,750.0,1056.8684430111118,6616.798137664037
1.0,800.0,1121.6672456444455,7022.487795087742
1.0,850.0,1186.4660482777788,7428.177452511444
1.0,900.0,1251.264850911112,7833.867109935146
1.0,950.0,1316.0636535444455,8239.556767358848
1.0,1000.0,1380.862456177779,8645.246424782552
2.0,250.0,493.76682018888926,3091.3548397355125
2.0,300.0,558.5656228222227,3497.0444971592156
2.0,350.0,623.364425455556,3902.7341545829177
2.0,400.0,688.1632280888895,4308.42381200662
2.0,450.0,752.9620307222228,4714.113469430323
2.0,500.0,817.7608333555562,5119.803126854025
2.0,550.0,882.5596359888896,5525.492784277728
2.0,600.0,947.358438622223,5931.18244170143
2.0,650.0,1012.1572412555563,6336.872099125133
2.0,700.0,1076.9560438888898,6742.561756548836
2.0,750.0,1141.754846522223,7148.251413972537
2.0,800.0,1206.5536491555565,7553.941071396241
2.0,850.0,1271.35245178889,7959.630728819943
2.0,900.0,1336.151254422223,8365.320386243644
2.0,950.0,1400.9500570555565,8771.010043667347
2.0,1000.0,1465.74885968889,9176.69970109105
3.0,250.0,578.6532237000006,3622.808116044013
3.0,300.0,643.4520263333338,4028.497773467715
3.0,350.0,708.2508289666672,4434.1874308914175
3.0,400.0,773.0496316000006,4839.87708831512
3.0,450.0,837.8484342333339,5245.566745738823
3.0,500.0,902.6472368666674,5651.256403162525
3.0,550.0,967.4460395000007,6056.946060586228
3.0,600.0,1032.2448421333343,6462.63571800993
3.0,650.0,1097.0436447666673,6868.325375433632
3.0,700.0,1161.842447400001,7274.015032857336
3.0,750.0,1226.6412500333342,7679.704690281038
3.0,800.0,1291.4400526666677,8085.3943477047405
3.0,850.0,1356.2388553000012,8491.084005128443
3.0,900.0,1421.0376579333345,8896.773662552145
3.0,950.0,1485.8364605666677,9302.463319975848
3.0,1000.0,1550.6352632000012,9708.152977399552
4.0,250.0,663.5396272111117,4154.261392352512
4.0,300.0,728.338429844445,4559.951049776215
4.0,350.0,793.1372324777784,4965.640707199917
4.0,400.0,857.9360351111119,5371.330364623621
4.0,450.0,922.734837744445,5777.020022047322
4.0,500.0,987.5336403777785,6182.709679471025
4.0,550.0,1052.332443011112,6588.399336894728
4.0,600.0,1117.1312456444455,6994.088994318431
4.0,650.0,1181.9300482777787,7399.778651742132
4.0,700.0,1246.728850911112,7805.468309165835
4.0,750.0,1311.5276535444455,8211.157966589539
4.0,800.0,1376.326456177779,8616.84762401324
4.0,850.0,1441.1252588111124,9022.537281436944
4.0,900.0,1505.9240614444457,9428.226938860646
4.0,950.0,1570.7228640777791,9833.916596284349
4.0,1000.0,1635.5216667111124,10239.60625370805
5.0,250.0,748.4260307222228,4685.714668661012
5.0,300.0,813.2248333555563,5091.404326084715
5.0,350.0,878.0236359888896,5497.093983508417
5.0,400.0,942.8224386222229,5902.78364093212
5.0,450.0,1007.6212412555564,6308.473298355822
5.0,500.0,1072.4200438888897,6714.162955779525
5.0,550.0,1137.218846522223,7119.852613203227
5.0,600.0,1202.0176491555565,7525.54227062693
5.0,650.0,1266.81645178889,7931.231928050633
5.0,700.0,1331.6152544222234,8336.921585474336
5.0,750.0,1396.4140570555564,8742.611242898038
5.0,800.0,1461.21285968889,9148.30090032174
5.0,850.0,1526.0116623222234,9553.990557745443
5.0,900.0,1590.8104649555567,9959.680215169145
5.0,950.0,1655.6092675888901,10365.369872592848
5.0,1000.0,1720.4080702222236,10771.05953001655
6.0,250.0,833.3124342333341,5217.167944969512
6.0,300.0,898.1112368666674,5622.857602393215
6.0,350.0,962.9100395000007,6028.547259816917
6.0,400.0,1027.7088421333342,6434.23691724062
6.0,450.0,1092.5076447666675,6839.926574664321
6.0,500.0,1157.3064474000012,7245.616232088026
6.0,550.0,1222.1052500333342,7651.305889511727
6.0,600.0,1286.9040526666677,8056.99554693543
6.0,650.0,1351.7028553000011,8462.685204359133
6.0,700.0,1416.5016579333344,8868.374861782835
6.0,750.0,1481.3004605666679,9274.064519206537
6.0,800.0,1546.0992632000011,9679.75417663024
6.0,850.0,1610.8980658333346,10085.443834053944
6.0,900.0,1675.6968684666679,10491.133491477645
6.0,950.0,1740.4956711000013,10896.823148901347
6.0,1000.0,1805.2944737333348,11302.51280632505
7.0,250.0,918.1988377444451,5748.621221278011
7.0,300.0,982.9976403777786,6154.3108787017145
7.0,350.0,1047.796443011112,6560.000536125417
7.0,400.0,1112.5952456444454,6965.6901935491205
7.0,450.0,1177.3940482777787,7371.379850972821
7.0,500.0,1242.1928509111121,7777.069508396525
7.0,550.0,1306.9916535444456,8182.759165820227
7.0,600.0,1371.7904561777787,8588.448823243929
7.0,650.0,1436.5892588111121,8994.138480667632
7.0,700.0,1501.3880614444456,9399.828138091334
7.0,750.0,1566.1868640777789,9805.517795515036
7.0,800.0,1630.9856667111126,10211.207452938741
7.0,850.0,1695.7844693444456,10616.897110362443
7.0,900.0,1760.5832719777788,11022.586767786144
7.0,950.0,1825.3820746111126,11428.276425209848
7.0,1000.0,1890.1808772444458,11833.96608263355
8.0,250.0,1003.0852412555563,6280.074497586512
8.0,300.0,1067.88404388889,6685.764155010214
8.0,350.0,1132.6828465222231,7091.453812433918
8.0,400.0,1197.4816491555566,7497.14346985762
8.0,450.0,1262.2804517888899,7902.833127281322
8.0,500.0,1327.0792544222234,8308.522784705025
8.0,550.0,1391.8780570555568,8714.212442128728
8.0,600.0,1456.67685968889,9119.90209955243
8.0,650.0,1521.4756623222233,9525.591756976133
8.0,700.0,1586.2744649555568,9931.281414399835
8.0,750.0,1651.07326758889,10336.971071823536
8.0,800.0,1715.8720702222238,10742.660729247242
8.0,850.0,1780.670872855557,11148.350386670943
8.0,900.0,1845.46967548889,11554.040044094643
8.0,950.0,1910.2684781222238,11959.729701518349
8.0,1000.0,1975.067280755557,12365.41935894205
9.0,250.0,1087.9716447666676,6811.527773895013
9.0,300.0,1152.770447400001,7217.217431318715
9.0,350.0,1217.5692500333344,7622.907088742417
9.0,400.0,1282.3680526666676,8028.596746166119
9.0,450.0,1347.166855300001,8434.286403589822
9.0,500.0,1411.9656579333343,8839.976061013524
9.0,550.0,1476.7644605666678,9245.665718437227
9.0,600.0,1541.5632632000013,9651.35537586093
9.0,650.0,1606.3620658333346,10057.04503328463
9.0,700.0,1671.160868466668,10462.734690708336
9.0,750.0,1735.9596711000013,10868.424348132037
9.0,800.0,1800.7584737333348,11274.11400555574
9.0,850.0,1865.5572763666682,11679.803662979442
9.0,900.0,1930.3560790000015,12085.493320403144
9.0,950.0,1995.154881633335,12491.182977826847
9.0,1000.0,2059.9536842666685,12896.872635250551
10.0,250.0,1172.8580482777786,7342.981050203511
10.0,300.0,1237.656850911112,7748.670707627214
10.0,350.0,1302.4556535444456,8154.360365050917
10.0,400.0,1367.2544561777788,8560.05002247462
10.0,450.0,1432.053258811112,8965.73967989832
10.0,500.0,1496.8520614444456,9371.429337322024
10.0,550.0,1561.6508640777788,9777.118994745726
10.0,600.0,1626.4496667111125,10182.80865216943
10.0,650.0,1691.2484693444458,10588.498309593131
10.0,700.0,1756.0472719777792,10994.187967016835
10.0,750.0,1820.8460746111125,11399.877624440538
10.0,800.0,1885.6448772444458,11805.56728186424
10.0,850.0,1950.4436798777795,12211.256939287943
10.0,900.0,2015.2424825111127,12616.946596711645
10.0,950.0,2080.0412851444457,13022.636254135346
10.0,1000.0,2144.8400877777794,13428.32591155905
11.0,250.0,1257.7444517888898,7874.4343265120115
11.0,300.0,1322.5432544222233,8280.123983935715
11.0,350.0,1387.3420570555568,8685.813641359417
11.0,400.0,1452.14085968889,9091.503298783118
11.0,450.0,1516.9396623222235,9497.192956206822
11.0,500.0,1581.7384649555568,9902.882613630525
11.0,550.0,1646.53726758889,10308.572271054227
11.0,600.0,1711.3360702222237,10714.26192847793
11.0,650.0,1776.134872855557,11119.951585901632
11.0,700.0,1840.9336754888905,11525.641243325335
11.0,750.0,1905.732478122224,11931.330900749037
11.0,800.0,1970.531280755557,12337.020558172739
11.0,850.0,2035.3300833888907,12742.710215596444
11.0,900.0,2100.128886022224,13148.399873020146
11.0,950.0,2164.927688655557,13554.089530443847
11.0,1000.0,2229.726491288891,13959.77918786755
12.0,250.0,1342.6308553000013,8405.887602820512
12.0,300.0,1407.4296579333343,8811.577260244214
12.0,350.0,1472.2284605666678,9217.266917667916
12.0,400.0,1537.0272632000012,9622.956575091619
12.0,450.0,1601.8260658333345,10028.64623251532
12.0,500.0,1666.6248684666682,10434.335889939024
12.0,550.0,1731.4236711000012,10840.025547362726
12.0,600.0,1796.2224737333347,11245.71520478643
12.0,650.0,1861.0212763666682,11651.404862210133
12.0,700.0,1925.8200790000014,12057.094519633834
12.0,750.0,1990.618881633335,12462.784177057536
12.0,800.0,2055.4176842666684,12868.47383448124
12.0,850.0,2120.2164869000017,13274.163491904943
12.0,900.0,2185.015289533335,13679.853149328643
12.0,950.0,2249.8140921666686,14085.542806752346
12.0,1000.0,2314.6128948000023,14491.232464176052
13.0,250.0,1427.5172588111125,8937.340879129013
13.0,300.0,1492.3160614444457,9343.030536552713
13.0,350.0,1557.114864077779,9748.720193976416
13.0,400.0,1621.9136667111125,10154.40985140012
13.0,450.0,1686.7124693444457,10560.099508823821
13.0,500.0,1751.5112719777794,10965.789166247525
13.0,550.0,1816.3100746111127,11371.478823671227
13.0,600.0,1881.1088772444461,11777.16848109493
13.0,650.0,1945.9076798777794,12182.858138518633
13.0,700.0,2010.7064825111127,12588.547795942333
13.0,750.0,2075.505285144446,12994.237453366037
13.0,800.0,2140.3040877777794,13399.92711078974
13.0,850.0,2205.1028904111126,13805.616768213442
13.0,900.0,2269.901693044446,14211.306425637144
13.0,950.0,2334.7004956777796,14616.996083060847
13.0,1000.0,2399.4992983111133,15022.685740484552
14.0,250.0,1512.4036623222235,9468.79415543751
14.0,300.0,1577.202464955557,9874.483812861214
14.0,350.0,1642.0012675888902,10280.173470284915
14.0,400.0,1706.8000702222234,10685.863127708619
14.0,450.0,1771.598872855557,11091.552785132322
14.0,500.0,1836.3976754888902,11497.242442556022
14.0,550.0,1901.1964781222237,11902.932099979726
14.0,600.0,1965.9952807555571,12308.621757403429
14.0,650.0,2030.7940833888902,12714.31141482713
14.0,700.0,2095.592886022224,13120.001072250834
14.0,750.0,2160.391688655557,13525.690729674536
14.0,800.0,2225.190491288891,13931.380387098241
14.0,850.0,2289.989293922224,14337.070044521943
14.0,900.0,2354.7880965555573,14742.759701945643
14.0,950.0,2419.5868991888906,15148.449359369344
14.0,1000.0,2484.3857018222243,15554.13901679305
15.0,250.0,1597.2900658333347,10000.247431746011
15.0,300.0,1662.0888684666681,10405.937089169714
15.0,350.0,1726.8876711000014,10811.626746593416
15.0,400.0,1791.6864737333349,11217.31640401712
15.0,450.0,1856.4852763666681,11623.006061440821
15.0,500.0,1921.2840790000014,12028.695718864523
15.0,550.0,1986.0828816333349,12434.385376288226
15.0,600.0,2050.8816842666683,12840.07503371193
15.0,650.0,2115.6804869000016,13245.76469113563
15.0,700.0,2180.4792895333353,13651.454348559335
15.0,750.0,2245.2780921666686,14057.144005983037
15.0,800.0,2310.0768948000023,14462.83366340674
15.0,850.0,2374.8756974333355,14868.523320830442
15.0,900.0,2439.6745000666683,15274.212978254143
15.0,950.0,2504.4733027000016,15679.902635677845
15.0,1000.0,2569.2721053333353,16085.59229310155
16.0,250.0,1682.1764693444459,10531.700708054512
16.0,300.0,1746.9752719777794,10937.390365478215
16.0,350.0,1811.7740746111126,11343.080022901917
16.0,400.0,1876.572877244446,11748.769680325619
16.0,450.0,1941.3716798777796,12154.459337749322
16.0,500.0,2006.1704825111126,12560.148995173024
16.0,550.0,2070.969285144446,12965.838652596727
16.0,600.0,2135.76808777778,13371.528310020429
16.0,650.0,2200.5668904111126,13777.21796744413
16.0,700.0,2265.3656930444463,14182.907624867836
16.0,750.0,2330.1644956777795,14588.597282291537
16.0,800.0,2394.9632983111132,14994.28693971524
16.0,850.0,2459.7621009444465,15399.976597138942
16.0,900.0,2524.5609035777798,15805.666254562644
16.0,950.0,2589.359706211113,16211.355911986346
16.0,1000.0,2654.1585088444467,16617.04556941005
