country,year,kind,coverage,source_version,columns
AL,2015,load,0.0,2019,
AL,2015,wind,0.0,19,
AL,2015,solar,0.0,19,
AT,2015,load,1.0,2019,AT_load_actual_entsoe_transparency
AT,2015,wind,1.0,19,AT_wind_onshore_generation_actual
AT,2015,solar,0.9992009132420091,19,AT_solar_generation_actual
BA,2015,load,1.0,2019,BA_load_actual_entsoe_power_statistics
BA,2015,wind,0.0,19,
BA,2015,solar,0.0,19,
BE,2015,load,1.0,2019,BE_load_actual_entsoe_transparency
BE,2015,wind,1.0,19,BE_wind_onshore_generation_actual|BE_wind_offshore_generation_actual
BE,2015,solar,1.0,19,BE_solar_generation_actual
BG,2015,load,1.0,2019,BG_load_actual_entsoe_transparency
BG,2015,wind,1.0,19,BG_wind_onshore_generation_actual
BG,2015,solar,0.9992009132420091,19,BG_solar_generation_actual
CH,2015,load,1.0,2019,CH_load_actual_entsoe_transparency
CH,2015,wind,0.9998858447488584,20,CH_wind_onshore_generation_actual
CH,2015,solar,0.9998858447488584,20,CH_solar_generation_actual
CZ,2015,load,1.0,2019,CZ_load_actual_entsoe_transparency
CZ,2015,wind,1.0,19,CZ_wind_onshore_generation_actual
CZ,2015,solar,1.0,19,CZ_solar_generation_actual
DE,2015,load,1.0,2019,DE_load_actual_entsoe_transparency
DE,2015,wind,1.0,19,DE_wind_generation_actual
DE,2015,solar,1.0,19,DE_solar_generation_actual
DK,2015,load,1.0,2019,DK_load_actual_entsoe_transparency
DK,2015,wind,1.0,19,DK_wind_onshore_generation_actual|DK_wind_offshore_generation_actual
DK,2015,solar,0.9995433789954338,19,DK_solar_generation_actual
EE,2015,load,0.9995433789954338,2019,EE_load_actual_entsoe_power_statistics
EE,2015,wind,0.9969178082191781,19,EE_wind_onshore_generation_actual
EE,2015,solar,0.9969178082191781,19,EE_solar_generation_actual
ES,2015,load,1.0,2019,ES_load_actual_entsoe_power_statistics
ES,2015,wind,0.9993150684931507,19,ES_wind_onshore_generation_actual
ES,2015,solar,0.9993150684931507,19,ES_solar_generation_actual
FI,2015,load,1.0,2019,FI_load_actual_entsoe_power_statistics
FI,2015,wind,0.9995433789954338,19,FI_wind_onshore_generation_actual
FI,2015,solar,0.0,19,
FR,2015,load,1.0,2019,FR_load_actual_entsoe_transparency
FR,2015,wind,1.0,19,FR_wind_onshore_generation_actual
FR,2015,solar,1.0,19,FR_solar_generation_actual
GB,2015,load,1.0,2019,GB_GBN_load_actual_entsoe_transparency
GB,2015,wind,1.0,19,GB_GBN_wind_generation_actual
GB,2015,solar,1.0,19,GB_GBN_solar_generation_actual
GR,2015,load,1.0,2019,GR_load_actual_entsoe_transparency
GR,2015,wind,0.9994292237442922,19,GR_wind_onshore_generation_actual
GR,2015,solar,0.9994292237442922,19,GR_solar_generation_actual
HR,2015,load,1.0,2019,HR_load_actual_entsoe_transparency
HR,2015,wind,0.0,19,
HR,2015,solar,0.0,19,
HU,2015,load,1.0,2019,HU_load_actual_entsoe_transparency
HU,2015,wind,0.9490867579908676,19,HU_wind_onshore_generation_actual
HU,2015,solar,0.0,19,
IE,2015,load,0.9997716894977169,2019,IE_load_actual_entsoe_power_statistics
IE,2015,wind,1.0,19,IE_wind_onshore_generation_actual
IE,2015,solar,0.0,19,
IT,2015,load,1.0,2019,IT_load_actual_entsoe_transparency
IT,2015,wind,0.9970319634703196,19,IT_wind_onshore_generation_actual
IT,2015,solar,0.9961187214611872,19,IT_solar_generation_actual
LT,2015,load,1.0,2019,LT_load_actual_entsoe_power_statistics
LT,2015,wind,0.9755707762557078,19,LT_wind_onshore_generation_actual
LT,2015,solar,0.9738584474885845,19,LT_solar_generation_actual
LU,2015,load,1.0,2019,LU_load_actual_entsoe_transparency
LU,2015,wind,0.0,19,
LU,2015,solar,0.0,19,
LV,2015,load,1.0,2019,LV_load_actual_entsoe_transparency
LV,2015,wind,1.0,19,LV_wind_onshore_generation_actual
LV,2015,solar,0.0,19,
ME,2015,load,1.0,2019,ME_load_actual_entsoe_power_statistics
ME,2015,wind,0.0,19,ME_wind_onshore_generation_actual
ME,2015,solar,0.0,19,
MK,2015,load,1.0,2019,MK_load_actual_entsoe_power_statistics
MK,2015,wind,0.0,19,MK_wind_onshore_generation_actual
MK,2015,solar,0.0,19,
NL,2015,load,1.0,2019,NL_load_actual_entsoe_transparency
NL,2015,wind,0.7785388127853882,19,NL_wind_onshore_generation_actual|NL_wind_offshore_generation_actual
NL,2015,solar,0.9358447488584475,19,NL_solar_generation_actual
NO,2015,load,1.0,2019,NO_load_actual_entsoe_power_statistics
NO,2015,wind,0.9917808219178083,19,NO_wind_onshore_generation_actual
NO,2015,solar,0.0,19,
PL,2015,load,1.0,2019,PL_load_actual_entsoe_transparency
PL,2015,wind,1.0,19,PL_wind_onshore_generation_actual
PL,2015,solar,0.0,19,
PT,2015,load,1.0,2019,PT_load_actual_entsoe_transparency
PT,2015,wind,1.0,19,PT_wind_onshore_generation_actual
PT,2015,solar,1.0,19,PT_solar_generation_actual
RO,2015,load,1.0,2019,RO_load_actual_entsoe_power_statistics
RO,2015,wind,0.9875570776255708,19,RO_wind_onshore_generation_actual
RO,2015,solar,0.9866438356164383,19,RO_solar_generation_actual
RS,2015,load,1.0,2019,RS_load_actual_entsoe_power_statistics
RS,2015,wind,0.0,19,
RS,2015,solar,0.0,19,
SE,2015,load,1.0,2019,SE_load_actual_entsoe_power_statistics
SE,2015,wind,1.0,19,SE_wind_generation_actual
SE,2015,solar,1.0,19,SE_solar_generation_actual
SI,2015,load,1.0,2019,SI_load_actual_entsoe_transparency
SI,2015,wind,1.0,19,SI_wind_onshore_generation_actual
SI,2015,solar,1.0,19,SI_solar_generation_actual
SK,2015,load,1.0,2019,SK_load_actual_entsoe_power_statistics
SK,2015,wind,0.0,19,
SK,2015,solar,0.969634703196347,19,SK_solar_generation_actual
XK,2015,load,0.0,2019,
XK,2015,wind,0.0,19,
XK,2015,solar,0.0,19,
AL,2016,load,0.0,2019,
AL,2016,wind,0.0,19,
AL,2016,solar,0.0,19,
AT,2016,load,1.0,2019,AT_load_actual_entsoe_transparency
AT,2016,wind,1.0,19,AT_wind_onshore_generation_actual
AT,2016,solar,1.0,19,AT_solar_generation_actual
BA,2016,load,1.0,2019,BA_load_actual_entsoe_power_statistics
BA,2016,wind,0.0,19,
BA,2016,solar,0.0,19,
BE,2016,load,1.0,2019,BE_load_actual_entsoe_transparency
BE,2016,wind,1.0,19,BE_wind_onshore_generation_actual|BE_wind_offshore_generation_actual
BE,2016,solar,1.0,19,BE_solar_generation_actual
BG,2016,load,1.0,2019,BG_load_actual_entsoe_transparency
BG,2016,wind,1.0,19,BG_wind_onshore_generation_actual
BG,2016,solar,1.0,19,BG_solar_generation_actual
CH,2016,load,1.0,2019,CH_load_actual_entsoe_transparency
CH,2016,wind,0.9945205479452055,19,CH_wind_onshore_generation_actual
CH,2016,solar,0.9972602739726028,20,CH_solar_generation_actual
CZ,2016,load,1.0,2019,CZ_load_actual_entsoe_power_statistics
CZ,2016,wind,1.0,19,CZ_wind_onshore_generation_actual
CZ,2016,solar,1.0,19,CZ_solar_generation_actual
DE,2016,load,1.0,2019,DE_load_actual_entsoe_transparency
DE,2016,wind,1.0,19,DE_wind_generation_actual
DE,2016,solar,1.0,19,DE_solar_generation_actual
DK,2016,load,1.0,2019,DK_load_actual_entsoe_transparency
DK,2016,wind,1.0,19,DK_wind_onshore_generation_actual|DK_wind_offshore_generation_actual
DK,2016,solar,1.0,19,DK_solar_generation_actual
EE,2016,load,1.0,2019,EE_load_actual_entsoe_power_statistics
EE,2016,wind,0.9986301369863013,19,EE_wind_onshore_generation_actual
EE,2016,solar,0.9986301369863013,19,EE_solar_generation_actual
ES,2016,load,1.0,2019,ES_load_actual_entsoe_transparency
ES,2016,wind,1.0,19,ES_wind_onshore_generation_actual
ES,2016,solar,1.0,19,ES_solar_generation_actual
FI,2016,load,1.0,2019,FI_load_actual_entsoe_power_statistics
FI,2016,wind,0.9993150684931507,19,FI_wind_onshore_generation_actual
FI,2016,solar,0.0,19,
FR,2016,load,1.0,2019,FR_load_actual_entsoe_transparency
FR,2016,wind,1.0,19,FR_wind_onshore_generation_actual
FR,2016,solar,1.0,19,FR_solar_generation_actual
GB,2016,load,1.0,2019,GB_GBN_load_actual_entsoe_transparency
GB,2016,wind,1.0,19,GB_GBN_wind_generation_actual
GB,2016,solar,1.0,19,GB_GBN_solar_generation_actual
GR,2016,load,1.0,2019,GR_load_actual_entsoe_power_statistics
GR,2016,wind,0.9994292237442922,19,GR_wind_onshore_generation_actual
GR,2016,solar,0.9994292237442922,19,GR_solar_generation_actual
HR,2016,load,1.0,2019,HR_load_actual_entsoe_transparency
HR,2016,wind,0.0,19,
HR,2016,solar,0.0,19,
HU,2016,load,1.0,2019,HU_load_actual_entsoe_transparency
HU,2016,wind,0.9431506849315069,19,HU_wind_onshore_generation_actual
HU,2016,solar,0.0,19,
IE,2016,load,0.9998858447488584,2019,IE_load_actual_entsoe_power_statistics
IE,2016,wind,1.0,19,IE_wind_onshore_generation_actual
IE,2016,solar,0.0,19,
IT,2016,load,1.0,2019,IT_load_actual_entsoe_transparency
IT,2016,wind,1.0,20,IT_wind_onshore_generation_actual
IT,2016,solar,1.0,20,IT_solar_generation_actual
LT,2016,load,1.0,2019,LT_load_actual_entsoe_transparency
LT,2016,wind,0.9392694063926941,19,LT_wind_onshore_generation_actual
LT,2016,solar,0.9392694063926941,19,LT_solar_generation_actual
LU,2016,load,1.0,2019,LU_load_actual_entsoe_transparency
LU,2016,wind,0.0,19,
LU,2016,solar,0.0,19,
LV,2016,load,1.0,2019,LV_load_actual_entsoe_power_statistics
LV,2016,wind,0.997716894977169,19,LV_wind_onshore_generation_actual
LV,2016,solar,0.0,19,
ME,2016,load,1.0,2019,ME_load_actual_entsoe_transparency
ME,2016,wind,0.0,19,ME_wind_onshore_generation_actual
ME,2016,solar,0.0,19,
MK,2016,load,1.0,2019,MK_load_actual_entsoe_power_statistics
MK,2016,wind,0.542351598173516,19,MK_wind_onshore_generation_actual
MK,2016,solar,0.0,19,
NL,2016,load,1.0,2019,NL_load_actual_entsoe_transparency
NL,2016,wind,1.0,19,NL_wind_onshore_generation_actual|NL_wind_offshore_generation_actual
NL,2016,solar,0.9865296803652968,19,NL_solar_generation_actual
NO,2016,load,1.0,2019,NO_load_actual_entsoe_power_statistics
NO,2016,wind,1.0,19,NO_wind_onshore_generation_actual
NO,2016,solar,0.0,19,
PL,2016,load,1.0,2019,PL_load_actual_entsoe_transparency
PL,2016,wind,1.0,19,PL_wind_onshore_generation_actual
PL,2016,solar,0.0,19,
PT,2016,load,1.0,2019,PT_load_actual_entsoe_transparency
PT,2016,wind,1.0,19,PT_wind_onshore_generation_actual
PT,2016,solar,1.0,19,PT_solar_generation_actual
RO,2016,load,1.0,2019,RO_load_actual_entsoe_transparency
RO,2016,wind,1.0,19,RO_wind_onshore_generation_actual
RO,2016,solar,1.0,19,RO_solar_generation_actual
RS,2016,load,1.0,2019,RS_load_actual_entsoe_transparency
RS,2016,wind,0.0,19,
RS,2016,solar,0.0,19,
SE,2016,load,1.0,2019,SE_load_actual_entsoe_transparency
SE,2016,wind,1.0,19,SE_wind_generation_actual
SE,2016,solar,1.0,19,SE_solar_generation_actual
SI,2016,load,1.0,2019,SI_load_actual_entsoe_transparency
SI,2016,wind,1.0,19,SI_wind_onshore_generation_actual
SI,2016,solar,1.0,19,SI_solar_generation_actual
SK,2016,load,1.0,2019,SK_load_actual_entsoe_power_statistics
SK,2016,wind,0.0,19,
SK,2016,solar,1.0,19,SK_solar_generation_actual
XK,2016,load,0.0,2019,
XK,2016,wind,0.0,19,
XK,2016,solar,0.0,19,
AL,2017,load,1.0,2019,AL_load_actual_entsoe_power_statistics
AL,2017,wind,0.0,19,
AL,2017,solar,0.0,19,
AT,2017,load,1.0,2019,AT_load_actual_entsoe_transparency
AT,2017,wind,1.0,19,AT_wind_onshore_generation_actual
AT,2017,solar,1.0,19,AT_solar_generation_actual
BA,2017,load,1.0,2019,BA_load_actual_entsoe_power_statistics
BA,2017,wind,0.0,19,
BA,2017,solar,0.0,19,
BE,2017,load,1.0,2019,BE_load_actual_entsoe_transparency
BE,2017,wind,0.9855022831050229,19,BE_wind_onshore_generation_actual|BE_wind_offshore_generation_actual
BE,2017,solar,1.0,19,BE_solar_generation_actual
BG,2017,load,1.0,2019,BG_load_actual_entsoe_power_statistics
BG,2017,wind,1.0,19,BG_wind_onshore_generation_actual
BG,2017,solar,1.0,19,BG_solar_generation_actual
CH,2017,load,1.0,2019,CH_load_actual_entsoe_transparency
CH,2017,wind,0.9973744292237443,19,CH_wind_onshore_generation_actual
CH,2017,solar,0.9973744292237443,19,CH_solar_generation_actual
CZ,2017,load,1.0,2019,CZ_load_actual_entsoe_power_statistics
CZ,2017,wind,1.0,19,CZ_wind_onshore_generation_actual
CZ,2017,solar,1.0,19,CZ_solar_generation_actual
DE,2017,load,1.0,2019,DE_load_actual_entsoe_transparency
DE,2017,wind,1.0,19,DE_wind_generation_actual
DE,2017,solar,1.0,19,DE_solar_generation_actual
DK,2017,load,1.0,2019,DK_load_actual_entsoe_transparency
DK,2017,wind,1.0,19,DK_wind_onshore_generation_actual|DK_wind_offshore_generation_actual
DK,2017,solar,1.0,19,DK_solar_generation_actual
EE,2017,load,1.0,2019,EE_load_actual_entsoe_power_statistics
EE,2017,wind,0.998972602739726,19,EE_wind_onshore_generation_actual
EE,2017,solar,0.998972602739726,19,EE_solar_generation_actual
ES,2017,load,1.0,2019,ES_load_actual_entsoe_transparency
ES,2017,wind,1.0,19,ES_wind_onshore_generation_actual
ES,2017,solar,1.0,19,ES_solar_generation_actual
FI,2017,load,1.0,2019,FI_load_actual_entsoe_transparency
FI,2017,wind,1.0,19,FI_wind_onshore_generation_actual
FI,2017,solar,0.0,19,
FR,2017,load,1.0,2019,FR_load_actual_entsoe_power_statistics
FR,2017,wind,1.0,19,FR_wind_onshore_generation_actual
FR,2017,solar,1.0,19,FR_solar_generation_actual
GB,2017,load,1.0,2019,GB_GBN_load_actual_entsoe_transparency
GB,2017,wind,1.0,19,GB_GBN_wind_generation_actual
GB,2017,solar,1.0,19,GB_GBN_solar_generation_actual
GR,2017,load,1.0,2019,GR_load_actual_entsoe_transparency
GR,2017,wind,0.9994292237442922,19,GR_wind_onshore_generation_actual
GR,2017,solar,0.9994292237442922,19,GR_solar_generation_actual
HR,2017,load,1.0,2019,HR_load_actual_entsoe_transparency
HR,2017,wind,0.0,19,
HR,2017,solar,0.0,19,
HU,2017,load,1.0,2019,HU_load_actual_entsoe_transparency
HU,2017,wind,0.9464611872146119,19,HU_wind_onshore_generation_actual
HU,2017,solar,0.0,19,
IE,2017,load,1.0,2019,IE_load_actual_entsoe_power_statistics
IE,2017,wind,0.9982876712328768,20,IE_wind_onshore_generation_actual
IE,2017,solar,0.0,19,
IT,2017,load,1.0,2019,IT_load_actual_entsoe_transparency
IT,2017,wind,1.0,20,IT_wind_onshore_generation_actual
IT,2017,solar,1.0,20,IT_solar_generation_actual
LT,2017,load,1.0,2019,LT_load_actual_entsoe_power_statistics
LT,2017,wind,0.9985159817351598,19,LT_wind_onshore_generation_actual
LT,2017,solar,0.9985159817351598,19,LT_solar_generation_actual
LU,2017,load,1.0,2019,LU_load_actual_entsoe_transparency
LU,2017,wind,0.0,19,
LU,2017,solar,0.0,19,
LV,2017,load,1.0,2019,LV_load_actual_entsoe_power_statistics
LV,2017,wind,0.9980593607305936,19,LV_wind_onshore_generation_actual
LV,2017,solar,0.0,19,
ME,2017,load,1.0,2019,ME_load_actual_entsoe_power_statistics
ME,2017,wind,0.0,19,ME_wind_onshore_generation_actual
ME,2017,solar,0.0,19,
MK,2017,load,1.0,2019,MK_load_actual_entsoe_power_statistics
MK,2017,wind,0.8410958904109589,19,MK_wind_onshore_generation_actual
MK,2017,solar,0.0,19,
NL,2017,load,1.0,2019,NL_load_actual_entsoe_transparency
NL,2017,wind,0.9970319634703196,19,NL_wind_onshore_generation_actual|NL_wind_offshore_generation_actual
NL,2017,solar,0.9972602739726028,19,NL_solar_generation_actual
NO,2017,load,1.0,2019,NO_load_actual_entsoe_transparency
NO,2017,wind,0.9917808219178083,19,NO_wind_onshore_generation_actual
NO,2017,solar,0.0,19,
PL,2017,load,1.0,2019,PL_load_actual_entsoe_transparency
PL,2017,wind,1.0,19,PL_wind_onshore_generation_actual
PL,2017,solar,0.0,19,
PT,2017,load,1.0,2019,PT_load_actual_entsoe_transparency
PT,2017,wind,1.0,19,PT_wind_onshore_generation_actual
PT,2017,solar,1.0,19,PT_solar_generation_actual
RO,2017,load,1.0,2019,RO_load_actual_entsoe_transparency
RO,2017,wind,1.0,19,RO_wind_onshore_generation_actual
RO,2017,solar,1.0,19,RO_solar_generation_actual
RS,2017,load,1.0,2019,RS_load_actual_entsoe_power_statistics
RS,2017,wind,0.0,19,
RS,2017,solar,0.0,19,
SE,2017,load,1.0,2019,SE_load_actual_entsoe_transparency
SE,2017,wind,1.0,19,SE_wind_generation_actual
SE,2017,solar,1.0,19,SE_solar_generation_actual
SI,2017,load,1.0,2019,SI_load_actual_entsoe_transparency
SI,2017,wind,1.0,19,SI_wind_onshore_generation_actual
SI,2017,solar,1.0,19,SI_solar_generation_actual
SK,2017,load,1.0,2019,SK_load_actual_entsoe_power_statistics
SK,2017,wind,0.0,19,
SK,2017,solar,0.9954337899543378,19,SK_solar_generation_actual
XK,2017,load,0.0,2019,
XK,2017,wind,0.0,19,
XK,2017,solar,0.0,19,
AL,2018,load,0.9997716894977169,2019,AL_load_actual_entsoe_power_statistics
AL,2018,wind,0.0,19,
AL,2018,solar,0.0,19,
AT,2018,load,1.0,2019,AT_load_actual_entsoe_transparency
AT,2018,wind,1.0,19,AT_wind_onshore_generation_actual
AT,2018,solar,1.0,19,AT_solar_generation_actual
BA,2018,load,1.0,2019,BA_load_actual_entsoe_power_statistics
BA,2018,wind,0.0,19,
BA,2018,solar,0.0,19,
BE,2018,load,1.0,2019,BE_load_actual_entsoe_power_statistics
BE,2018,wind,0.9528538812785388,19,BE_wind_onshore_generation_actual|BE_wind_offshore_generation_actual
BE,2018,solar,1.0,19,BE_solar_generation_actual
BG,2018,load,1.0,2019,BG_load_actual_entsoe_power_statistics
BG,2018,wind,1.0,19,BG_wind_onshore_generation_actual
BG,2018,solar,1.0,19,BG_solar_generation_actual
CH,2018,load,1.0,2019,CH_load_actual_entsoe_transparency
CH,2018,wind,1.0,20,CH_wind_onshore_generation_actual
CH,2018,solar,1.0,19,CH_solar_generation_actual
CZ,2018,load,1.0,2019,CZ_load_actual_entsoe_transparency
CZ,2018,wind,1.0,19,CZ_wind_onshore_generation_actual
CZ,2018,solar,1.0,19,CZ_solar_generation_actual
DE,2018,load,1.0,2019,DE_load_actual_entsoe_transparency
DE,2018,wind,1.0,19,DE_wind_generation_actual
DE,2018,solar,1.0,19,DE_solar_generation_actual
DK,2018,load,1.0,2019,DK_load_actual_entsoe_transparency
DK,2018,wind,1.0,19,DK_wind_onshore_generation_actual|DK_wind_offshore_generation_actual
DK,2018,solar,1.0,19,DK_solar_generation_actual
EE,2018,load,0.9996575342465753,2019,EE_load_actual_entsoe_power_statistics
EE,2018,wind,0.9976027397260274,20,EE_wind_onshore_generation_actual
EE,2018,solar,0.9976027397260274,20,EE_solar_generation_actual
ES,2018,load,1.0,2019,ES_load_actual_entsoe_transparency
ES,2018,wind,1.0,19,ES_wind_onshore_generation_actual
ES,2018,solar,1.0,19,ES_solar_generation_actual
FI,2018,load,1.0,2019,FI_load_actual_entsoe_transparency
FI,2018,wind,1.0,19,FI_wind_onshore_generation_actual
FI,2018,solar,0.0,19,
FR,2018,load,1.0,2019,FR_load_actual_entsoe_power_statistics
FR,2018,wind,1.0,19,FR_wind_onshore_generation_actual
FR,2018,solar,1.0,19,FR_solar_generation_actual
GB,2018,load,1.0,2019,GB_GBN_load_actual_entsoe_transparency
GB,2018,wind,0.9996575342465753,20,GB_UKM_wind_generation_actual
GB,2018,solar,1.0,20,GB_UKM_solar_generation_actual
GR,2018,load,1.0,2019,GR_load_actual_entsoe_transparency
GR,2018,wind,1.0,19,GR_wind_onshore_generation_actual
GR,2018,solar,1.0,19,GR_solar_generation_actual
HR,2018,load,1.0,2019,HR_load_actual_entsoe_transparency
HR,2018,wind,0.0,19,
HR,2018,solar,0.0,19,
HU,2018,load,1.0,2019,HU_load_actual_entsoe_transparency
HU,2018,wind,0.9818493150684932,19,HU_wind_onshore_generation_actual
HU,2018,solar,0.0,19,
IE,2018,load,1.0,2019,IE_load_actual_entsoe_transparency
IE,2018,wind,1.0,20,IE_wind_onshore_generation_actual
IE,2018,solar,0.0,19,
IT,2018,load,1.0,2019,IT_load_actual_entsoe_transparency
IT,2018,wind,0.998972602739726,20,IT_wind_onshore_generation_actual
IT,2018,solar,0.998972602739726,20,IT_solar_generation_actual
LT,2018,load,1.0,2019,LT_load_actual_entsoe_power_statistics
LT,2018,wind,0.9974885844748859,19,LT_wind_onshore_generation_actual
LT,2018,solar,0.9974885844748859,19,LT_solar_generation_actual
LU,2018,load,0.9997716894977169,2019,LU_load_actual_entsoe_power_statistics
LU,2018,wind,0.0,19,
LU,2018,solar,0.0,19,
LV,2018,load,1.0,2019,LV_load_actual_entsoe_transparency
LV,2018,wind,0.9996575342465753,19,LV_wind_onshore_generation_actual
LV,2018,solar,0.0,19,
ME,2018,load,1.0,2019,ME_load_actual_entsoe_transparency
ME,2018,wind,0.5864155251141553,19,ME_wind_onshore_generation_actual
ME,2018,solar,0.0,19,
MK,2018,load,1.0,2019,MK_load_actual_entsoe_power_statistics
MK,2018,wind,0.9506849315068493,19,MK_wind_onshore_generation_actual
MK,2018,solar,0.0,19,
NL,2018,load,1.0,2019,NL_load_actual_entsoe_transparency
NL,2018,wind,1.0,19,NL_wind_onshore_generation_actual|NL_wind_offshore_generation_actual
NL,2018,solar,0.9917808219178083,19,NL_solar_generation_actual
NO,2018,load,1.0,2019,NO_load_actual_entsoe_transparency
NO,2018,wind,1.0,19,NO_wind_onshore_generation_actual
NO,2018,solar,0.0,19,
PL,2018,load,1.0,2019,PL_load_actual_entsoe_transparency
PL,2018,wind,1.0,19,PL_wind_onshore_generation_actual
PL,2018,solar,0.0,19,
PT,2018,load,1.0,2019,PT_load_actual_entsoe_transparency
PT,2018,wind,1.0,19,PT_wind_onshore_generation_actual
PT,2018,solar,1.0,19,PT_solar_generation_actual
RO,2018,load,1.0,2019,RO_load_actual_entsoe_power_statistics
RO,2018,wind,0.9994292237442922,19,RO_wind_onshore_generation_actual
RO,2018,solar,0.9994292237442922,19,RO_solar_generation_actual
RS,2018,load,1.0,2019,RS_load_actual_entsoe_transparency
RS,2018,wind,0.0,19,
RS,2018,solar,0.0,19,
SE,2018,load,1.0,2019,SE_load_actual_entsoe_transparency
SE,2018,wind,1.0,20,SE_wind_onshore_generation_actual
SE,2018,solar,0.9997716894977169,19,SE_solar_generation_actual
SI,2018,load,1.0,2019,SI_load_actual_entsoe_transparency
SI,2018,wind,1.0,19,SI_wind_onshore_generation_actual
SI,2018,solar,1.0,19,SI_solar_generation_actual
SK,2018,load,1.0,2019,SK_load_actual_entsoe_power_statistics
SK,2018,wind,0.0,19,
SK,2018,solar,0.9921232876712329,19,SK_solar_generation_actual
XK,2018,load,0.0,2019,
XK,2018,wind,0.0,19,
XK,2018,solar,0.0,19,
